mean_fit_time,std_fit_time,mean_score_time,std_score_time,param_class_weight,param_max_depth,param_min_samples_leaf,param_n_estimators,params,split0_test_score,split1_test_score,split2_test_score,split3_test_score,split4_test_score,mean_test_score,std_test_score,rank_test_score
0.3867283821105957,0.02197814442367716,0.01608433723449707,0.0013589365398075785,,,1,200,"{'class_weight': None, 'max_depth': None, 'min_samples_leaf': 1, 'n_estimators': 200}",0.2676566193853428,0.2457984116520702,0.2584166818209371,0.29781946448613117,0.28284648402615736,0.2705075322741277,0.018237589656466317,16
0.7919762134552002,0.01340797439855446,0.030877399444580077,0.0034569140215191156,,,1,400,"{'class_weight': None, 'max_depth': None, 'min_samples_leaf': 1, 'n_estimators': 400}",0.26237440898345155,0.2572355661811208,0.2544636836507717,0.3083133971291866,0.2866773856872867,0.2738128883263634,0.020667939136576698,14
0.4892771244049072,0.13232074666635998,0.01983647346496582,0.002198156711738278,,,2,200,"{'class_weight': None, 'max_depth': None, 'min_samples_leaf': 2, 'n_estimators': 200}",0.2721436322548888,0.24870029312538022,0.26189243813467417,0.3030648161594368,0.29471076889109676,0.2761023897130953,0.02020749166711742,12
0.8208820819854736,0.014951011842126475,0.03332638740539551,0.0031509833889960754,,,2,400,"{'class_weight': None, 'max_depth': None, 'min_samples_leaf': 2, 'n_estimators': 400}",0.26980473552917467,0.2471172488404726,0.268287528511759,0.30675718662047313,0.29580867304607555,0.277555074509591,0.021252640334154322,9
0.4078319549560547,0.025961340712892366,0.01561441421508789,0.001007852944116561,,20,1,200,"{'class_weight': None, 'max_depth': 20, 'min_samples_leaf': 1, 'n_estimators': 200}",0.26580187735323363,0.24622375832053253,0.2575669512020924,0.30012309026502876,0.28315814411651014,0.27057476425147947,0.01905990639300685,15
0.7920073509216309,0.025773092122354044,0.03063478469848633,0.00029849482796807627,,20,1,400,"{'class_weight': None, 'max_depth': 20, 'min_samples_leaf': 1, 'n_estimators': 400}",0.2605096992478888,0.2572355661811208,0.25367774977899843,0.3057058140000801,0.29360491915113296,0.2741467496718442,0.021286296665668246,13
0.3776233196258545,0.003222054511460876,0.016251802444458008,0.00022002487992009025,,20,2,200,"{'class_weight': None, 'max_depth': 20, 'min_samples_leaf': 2, 'n_estimators': 200}",0.2721436322548888,0.24870029312538022,0.26189243813467417,0.30565573781963273,0.29471076889109676,0.2766205740451345,0.020913148815063926,11
0.8464732646942139,0.10919190114592023,0.037531805038452146,0.009842291657188246,,20,2,400,"{'class_weight': None, 'max_depth': 20, 'min_samples_leaf': 2, 'n_estimators': 400}",0.2679679637899931,0.2471172488404726,0.268287528511759,0.30675718662047313,0.29580867304607555,0.2771877201617547,0.021398802758185856,10
0.4815203666687012,0.04796577025568337,0.023521232604980468,0.004030473100113982,balanced,,1,200,"{'class_weight': 'balanced', 'max_depth': None, 'min_samples_leaf': 1, 'n_estimators': 200}",0.3451204417325043,0.26632140615191463,0.25454868840611206,0.3783095999225032,0.29065706789920653,0.30699144082244817,0.04735230990716054,6
0.9280243396759034,0.034299985459653404,0.038569974899291995,0.0019807991719002025,balanced,,1,400,"{'class_weight': 'balanced', 'max_depth': None, 'min_samples_leaf': 1, 'n_estimators': 400}",0.3982285312128244,0.27609360774100655,0.24945688325970017,0.3846153720582944,0.29385995250282443,0.32045086935493,0.059801735208708365,1
0.474497652053833,0.02350639231815851,0.020777463912963867,0.0013325976629633173,balanced,,2,200,"{'class_weight': 'balanced', 'max_depth': None, 'min_samples_leaf': 2, 'n_estimators': 200}",0.2987570277043961,0.2906828874261825,0.25684783351896695,0.4176149098325325,0.2918904481404481,0.3111586213245052,0.05518499929474788,5
0.8941955089569091,0.06891783518412328,0.04084038734436035,0.001167716322383974,balanced,,2,400,"{'class_weight': 'balanced', 'max_depth': None, 'min_samples_leaf': 2, 'n_estimators': 400}",0.36093805072678314,0.2970652129773861,0.25697534305129244,0.37023914023914023,0.31343804537521813,0.31973115847396405,0.041810775927310154,2
0.3905946254730225,0.01665202746482242,0.018910551071166994,0.002826527913069237,balanced,20,1,200,"{'class_weight': 'balanced', 'max_depth': 20, 'min_samples_leaf': 1, 'n_estimators': 200}",0.3942351501631231,0.26632140615191463,0.24969654969654972,0.3782885728207481,0.28705197132616483,0.3151187300317001,0.05949591652251982,4
0.8769174098968506,0.11184482641720635,0.03832840919494629,0.012028813083665314,balanced,20,1,400,"{'class_weight': 'balanced', 'max_depth': 20, 'min_samples_leaf': 1, 'n_estimators': 400}",0.3940270291151091,0.27609360774100655,0.24945688325970017,0.3017431364409608,0.29599838294166436,0.3034638078996882,0.04883905421439214,7
0.3525063514709473,0.010115558330142351,0.015932846069335937,0.001597328051831107,balanced,20,2,200,"{'class_weight': 'balanced', 'max_depth': 20, 'min_samples_leaf': 2, 'n_estimators': 200}",0.2987570277043961,0.2906828874261825,0.25684783351896695,0.3661328717061991,0.2918904481404481,0.30086221369923855,0.03573812397987113,8
0.7237274169921875,0.07131198738734275,0.03340296745300293,0.007087357738461911,balanced,20,2,400,"{'class_weight': 'balanced', 'max_depth': 20, 'min_samples_leaf': 2, 'n_estimators': 400}",0.35310402158228243,0.2970652129773861,0.25697534305129244,0.3752410974510422,0.31343804537521813,0.3191647440874443,0.04167766288574996,3
